id,name,type,address,location,phone,email,price_per_person
1,Booker-Stewart,Cultural Experience,572 Laura Shore,"Marrakech, Morocco",589.297.6547x0909,patrickyvonne@example.net,87.45
2,"Young, Johnson and Martinez",Workshop,42648 Samantha Valley Apt. 554,"Oujda, Morocco",9675614876,jenniferrivera@example.org,153.8
3,Obrien-Brown,Event,1952 Michael Drive,"Marrakech, Morocco",525-217-4596,eallen@example.org,61.05
4,George LLC,Cultural Experience,35930 Brewer Pines,"Tangier, Morocco",+1-392-961-5174x430,xgonzalez@example.org,40.35
5,"Freeman, Anderson and Benson",Outdoor Adventure,3004 Justin Isle Apt. 102,"Rabat, Morocco",(313)692-0941x687,mmurphy@example.net,88.18
6,"Barker, Miller and Petty",Workshop,5410 Timothy Station Suite 434,"Marrakech, Morocco",(391)715-4283x572,ochaney@example.com,47.37
7,Palmer Ltd,Cultural Experience,64226 Collins Ridge Suite 466,"Rabat, Morocco",272.256.4098x0964,aavila@example.net,89.6
8,Gilbert Ltd,Workshop,8247 Davis Village Suite 110,"Casablanca, Morocco",+1-239-424-0449x339,nelsoncatherine@example.net,10.98
9,"Wood, Jackson and Church",Outdoor Adventure,3595 Warren Spring,"Oujda, Morocco",(242)449-3755x625,janetcarroll@example.com,20.01
10,"Peterson, Sanchez and Morton",Outdoor Adventure,014 Audrey Vista Suite 908,"Oujda, Morocco",517.939.6402x7649,ramirezallison@example.net,0.46
11,Torres PLC,Event,499 Brown Passage Apt. 682,"Tangier, Morocco",001-221-353-1196x9758,rodgersalan@example.com,87.08
12,Tate Ltd,Tour,4683 Gregory Islands Suite 822,"Agadir, Morocco",(852)968-1992x2078,amanda69@example.org,199.29
13,"Sweeney, King and Simmons",Event,28781 Jennifer Parkways,"Agadir, Morocco",(254)530-6429x343,amanda68@example.org,143.3
14,"Lewis, Patton and Higgins",Event,98028 Matthew Gateway,"Tangier, Morocco",653-842-0276x04556,bakereric@example.org,138.67
15,Lee-Marquez,Workshop,73827 Robert Hills,"Casablanca, Morocco",9335136618,dennis44@example.org,156.25
16,Holmes and Sons,Tour,7304 Anthony Lakes Suite 598,"Fes, Morocco",2137281274,edward33@example.net,134.93
17,Banks Ltd,Event,5308 Carlson Station,"Marrakech, Morocco",7335228577,davidsonmary@example.org,150.69
18,Hernandez Inc,Event,9492 Sanchez Square Apt. 829,"Rabat, Morocco",001-681-417-2431x5042,robert90@example.com,135.8
19,"Guerrero, Harris and Lee",Cultural Experience,3081 Charles Square,"Marrakech, Morocco",576.490.4356x23666,robertward@example.org,108.03
20,Nelson PLC,Cultural Experience,174 Nicholas Islands Suite 387,"Marrakech, Morocco",282.300.8879x4002,melindablack@example.com,61.86
21,Williams Ltd,Tour,66707 Joseph Walks Suite 389,"Marrakech, Morocco",001-824-573-8695x683,peggynewman@example.net,176.21
22,Ware-Bonilla,Outdoor Adventure,33920 Smith Dam Suite 716,"Marrakech, Morocco",(511)874-7883x9677,mgreene@example.com,163.92
23,"Davis, Malone and Logan",Event,6944 Andrew Squares Apt. 761,"Oujda, Morocco",(936)617-5613x380,amygonzalez@example.org,170.46
24,"Rhodes, Oneal and Williams",Outdoor Adventure,687 Roy Brook,"Marrakech, Morocco",(698)584-7384,respinoza@example.com,157.93
25,Barker PLC,Outdoor Adventure,989 Mary Drive,"Oujda, Morocco",001-827-951-8669,christopher88@example.net,31.49
26,Bailey LLC,Event,3986 Nathan Forest Apt. 208,"Agadir, Morocco",(506)286-2320x482,brian14@example.net,55.13
27,Mcbride-Mason,Tour,1501 Padilla Island,"Tangier, Morocco",001-435-921-7273x71735,steven14@example.org,102.68
28,"Romero, Daniel and Rodriguez",Cultural Experience,0415 Elliott Parks Apt. 354,"Casablanca, Morocco",202.216.7981,ulee@example.net,148.85
29,Williams-Ritter,Tour,167 Evans Garden Suite 017,"Casablanca, Morocco",(705)712-1879x714,stewartjoel@example.com,133.72
30,"Montgomery, Cline and Wolfe",Cultural Experience,7961 Andrew Orchard Suite 082,"Rabat, Morocco",713.594.0568x40650,wturner@example.net,56.74
31,Brown and Sons,Tour,7325 Wyatt Lane,"Fes, Morocco",3746836939,jsullivan@example.com,197.81
32,"Smith, Johnson and Rogers",Tour,194 Steven Mountain,"Fes, Morocco",827.841.6816,jacksonrobert@example.com,158.3
33,Harrison LLC,Event,922 Rebecca Circles Apt. 323,"Fes, Morocco",001-514-281-5439x41933,seanhodge@example.org,76.31
34,Meyer Inc,Event,5004 Benjamin Square,"Fes, Morocco",974-378-8045x5711,brianmorgan@example.com,161.59
35,"Miller, Barton and Ford",Cultural Experience,65017 Adams Center Apt. 114,"Fes, Morocco",346.468.5836x16928,laura51@example.net,76.29
36,"Lewis, Smith and Hopkins",Cultural Experience,786 Fisher Mountains,"Fes, Morocco",(678)498-3896x201,salazarashley@example.org,152.54
37,Mcintyre LLC,Workshop,826 Bowman Union,"Tangier, Morocco",(993)399-8344x7802,owensrobert@example.org,59.91
38,Burns-Pierce,Workshop,634 Mullins Rapids,"Rabat, Morocco",(674)298-3384x221,acollins@example.org,170.59
39,Dixon Ltd,Cultural Experience,981 Eric Ways Suite 414,"Agadir, Morocco",+1-992-704-5326x21633,pearsonaustin@example.com,48.23
40,Clark LLC,Outdoor Adventure,9630 Harris Courts Apt. 749,"Agadir, Morocco",+1-518-766-2327x08895,dhernandez@example.org,191.5
41,"Welch, Shaw and Martin",Workshop,373 Bauer Manors Suite 914,"Oujda, Morocco",763.586.4069x045,ecunningham@example.com,12.97
42,Frye and Sons,Event,98279 Howell Key Suite 434,"Oujda, Morocco",+1-767-851-0614,riosdouglas@example.com,143.94
43,Green and Sons,Workshop,04093 Thomas Roads Apt. 027,"Agadir, Morocco",001-777-880-7769x03657,kristinejordan@example.net,31.62
44,"Colon, Gonzalez and Moore",Tour,6226 Lam Gardens Apt. 064,"Fes, Morocco",001-299-410-0592x139,caseyjason@example.net,91.54
45,Dominguez and Sons,Event,775 Chavez Underpass Suite 344,"Casablanca, Morocco",+1-915-226-5871,murphyscott@example.net,92.59
46,"Walker, Poole and Murray",Outdoor Adventure,6357 Payne Stream Apt. 167,"Fes, Morocco",001-841-881-4616x3688,jose04@example.net,45.98
47,"Figueroa, Garcia and Stephens",Tour,999 John Branch,"Fes, Morocco",001-242-536-0168x303,michael52@example.com,31.09
48,"Johnson, Marquez and Williams",Cultural Experience,092 Denise Track Suite 564,"Marrakech, Morocco",+1-247-720-7573,zmartin@example.net,187.4
49,Young-Robertson,Workshop,446 Jessica Route,"Oujda, Morocco",+1-849-330-8649x01952,brian85@example.net,117.89
50,"Smith, Pierce and Boyer",Outdoor Adventure,412 Lewis Extensions Apt. 523,"Agadir, Morocco",530.868.9128x92860,mckayharold@example.com,0.94
51,"Munoz, Allen and Mueller",Event,32061 Smith Terrace,"Tangier, Morocco",504-466-6163x9437,samanthafowler@example.org,140.66
52,Lane-Wright,Outdoor Adventure,4461 Clark Fords,"Casablanca, Morocco",482.742.5803x44269,thomas04@example.org,79.58
53,Rogers and Sons,Tour,17039 William Views,"Fes, Morocco",(212)961-1768x71726,xyoung@example.org,89.5
54,Shepard and Sons,Cultural Experience,089 Vasquez Flats Apt. 024,"Marrakech, Morocco",001-923-691-6647x364,festrada@example.net,134.92
55,Davis Group,Workshop,949 Jackson Forge,"Agadir, Morocco",4263700735,josephlamb@example.com,143.46
56,Byrd-Mcpherson,Event,56993 Brittney Plains Suite 277,"Fes, Morocco",862-635-5702,wilsonstacy@example.org,109.11
57,"Thomas, Rodriguez and Brown",Outdoor Adventure,04203 William Vista,"Casablanca, Morocco",9032962538,angelicasutton@example.org,10.39
58,Oconnell and Sons,Tour,303 Castaneda Vista Apt. 185,"Agadir, Morocco",551.911.2859,stacy00@example.com,54.03
59,Griffin Inc,Cultural Experience,0148 Wood Plains,"Oujda, Morocco",+1-794-574-9081x411,mccoyangela@example.net,65.39
60,Gonzalez Ltd,Event,4116 Wendy Lock Suite 621,"Agadir, Morocco",712.282.0895x96683,xconner@example.org,48.01
61,Hogan-Thompson,Outdoor Adventure,1719 Hector Ways,"Agadir, Morocco",449-579-1487,warrengabriella@example.com,35.31
62,"Green, Mcdowell and Robinson",Event,43786 Gardner Walk Apt. 559,"Oujda, Morocco",001-613-775-3173,smithshari@example.org,198.93
63,Williams LLC,Cultural Experience,018 Arthur Stravenue,"Marrakech, Morocco",(213)709-8380x79140,howellleonard@example.org,66.68
64,Alvarez Inc,Cultural Experience,428 Thomas Square,"Agadir, Morocco",(547)209-8528x386,sean85@example.org,26.71
65,Gonzalez and Sons,Outdoor Adventure,6317 Carter Roads,"Fes, Morocco",001-274-797-1142x73567,heidi79@example.net,173.09
66,Griffin-Petty,Outdoor Adventure,5704 Robert Pine,"Tangier, Morocco",001-271-778-8710x3484,xchan@example.net,120.46
67,Barnett Ltd,Cultural Experience,6002 Gordon Dale Apt. 103,"Fes, Morocco",488-352-2084x312,smallelizabeth@example.org,189.16
68,Thompson-Ford,Workshop,34737 Haney Square,"Agadir, Morocco",(461)383-4877,ufields@example.com,55.71
69,Turner-Rios,Cultural Experience,549 Taylor Rest,"Marrakech, Morocco",7896634866,andreaperez@example.com,178.81
70,"Flynn, Guerra and Collins",Tour,764 Angela Overpass Suite 438,"Agadir, Morocco",(349)756-7807x7807,berryrebecca@example.net,189.68
71,Parker Inc,Event,22534 Weber Estate Suite 609,"Tangier, Morocco",713.895.6677x01374,lyoung@example.net,89.07
72,Reynolds-Martin,Tour,2756 Brenda Manor Suite 988,"Marrakech, Morocco",444-931-7404,denise61@example.net,71.98
73,Cook-Santana,Tour,1316 Nelson Street Suite 599,"Tangier, Morocco",001-684-703-5791,amandahartman@example.com,141.15
74,Tucker-Murphy,Workshop,895 Erik Island Suite 471,"Agadir, Morocco",6249021502,nicole76@example.org,156.39
75,Johnson and Sons,Tour,561 Mora Forks,"Tangier, Morocco",7305698155,iallen@example.net,113.2
76,Stewart-Perez,Cultural Experience,180 Karen Valley,"Casablanca, Morocco",(357)339-0761x91977,jacksonholly@example.org,156.43
77,"Gonzalez, Duffy and Murillo",Workshop,0937 Ford Village,"Casablanca, Morocco",001-770-506-1453x42449,michellevasquez@example.net,119.03
78,Mullen-Hawkins,Outdoor Adventure,9098 Tran Alley Suite 149,"Casablanca, Morocco",001-435-518-9412,richardjoyce@example.net,93.65
79,Jones Group,Workshop,27933 Clark Centers Suite 662,"Fes, Morocco",473-421-1630x2579,bklein@example.com,4.19
80,Murphy LLC,Event,45332 Key Burgs,"Casablanca, Morocco",506.583.4444x93664,gthomas@example.net,153.71
81,"Turner, Martinez and Nielsen",Event,822 Samantha Tunnel Suite 553,"Casablanca, Morocco",001-676-638-1467x79109,amandahale@example.com,76.94
82,"Le, Wilson and Chen",Tour,1209 Lee Hill,"Rabat, Morocco",210.579.7079x1676,bryanhughes@example.org,83.43
83,"Bullock, Beard and Carroll",Outdoor Adventure,373 Cunningham Passage,"Rabat, Morocco",+1-230-535-1767,michaelmichael@example.net,80.73
84,Russell-Lawson,Workshop,6572 Lopez Crest,"Fes, Morocco",001-923-821-7107,daniel34@example.org,51.58
85,"Johnson, Taylor and Carr",Outdoor Adventure,6288 Watson Courts,"Tangier, Morocco",935.376.9418x309,raymond17@example.net,157.66
86,Bailey-Maldonado,Workshop,46412 Martinez Plains Apt. 330,"Tangier, Morocco",5317095239,johnsonbrianna@example.org,106.99
87,Jones Ltd,Event,614 Schneider Drive Suite 797,"Fes, Morocco",970.297.6819,lisamoran@example.com,187.22
88,Bowers-Williams,Event,825 Dawn Rue,"Tangier, Morocco",2159196273,lisa87@example.org,20.48
89,Watson-Smith,Tour,23164 Melissa Plaza,"Oujda, Morocco",8255355266,carterwilliam@example.com,123.97
90,Mccarty Ltd,Tour,342 Jessica Ford Apt. 942,"Oujda, Morocco",(685)344-5288x876,amy81@example.org,91.37
91,"Jarvis, Benson and Bennett",Tour,96236 Sosa Court,"Oujda, Morocco",(253)904-7433,brennankurt@example.net,166.56
92,Scott PLC,Event,66653 Michael Orchard Suite 791,"Tangier, Morocco",001-679-408-3719x252,mmitchell@example.org,109.15
93,Byrd-Bentley,Tour,73522 Madison Creek,"Oujda, Morocco",327.763.8917x398,kimberly88@example.org,81.38
94,Wells-Lewis,Event,011 Ryan Run Apt. 983,"Oujda, Morocco",001-976-875-5409x274,burnsangelica@example.org,57.18
95,"Pace, Smith and Scott",Workshop,29727 Hutchinson Cliff Apt. 685,"Casablanca, Morocco",001-399-217-3591,taylorwilliams@example.org,16.16
96,"Hall, Callahan and Fleming",Cultural Experience,07687 James Dam,"Fes, Morocco",(508)537-0160,scott59@example.net,29.04
97,Carter Inc,Event,4899 Christopher Course Apt. 253,"Rabat, Morocco",479-546-8739x53363,robingutierrez@example.net,70.8
98,"Fernandez, Medina and Simmons",Workshop,3638 Tyler Square Suite 190,"Oujda, Morocco",(982)246-7421,gevans@example.org,73.71
99,Jones-Weiss,Cultural Experience,24160 Kimberly Ports,"Fes, Morocco",001-815-548-0139x529,qjimenez@example.net,158.55
100,"Thompson, Franklin and Adams",Tour,307 Crystal Spurs Suite 032,"Casablanca, Morocco",713-710-5669,kcopeland@example.net,125.84
101,"Richardson, Turner and Anderson",Tour,20529 Reeves Spring Suite 806,"Oujda, Morocco",(816)730-5975x8061,cheryljones@example.com,131.77
102,Vincent Inc,Tour,309 Mary Flats Suite 219,"Fes, Morocco",310.321.9362x6380,kristihowell@example.org,112.81
103,Davis-Kirk,Event,9311 Smith Pass,"Rabat, Morocco",(437)760-4741,walkeredward@example.org,174.23
104,"Frye, Arnold and Brown",Outdoor Adventure,08139 Cruz Passage Suite 463,"Rabat, Morocco",672.302.0925x271,michaelosborne@example.com,3.02
105,"Collins, Thomas and Howard",Event,68197 Williams Land Apt. 744,"Marrakech, Morocco",(906)913-4974,pschwartz@example.com,151.89
106,Huff LLC,Event,6126 Odonnell Highway,"Fes, Morocco",001-536-218-4110x22402,jeffmorgan@example.org,46.23
107,Chavez-Peterson,Cultural Experience,78618 Benjamin Brooks Suite 383,"Fes, Morocco",+1-640-350-1869x45858,angelaedwards@example.net,109.86
108,"Gomez, Davis and Brown",Tour,58375 Anthony Plain,"Agadir, Morocco",951-613-2508,rnguyen@example.net,168.33
109,Marquez-Miller,Outdoor Adventure,6679 Day Light,"Fes, Morocco",7043600101,jamesbailey@example.com,185.97
164,Bauer-Phelps,Tour,2756 Donna Square,"Marrakech, Morocco",+1-714-677-0177,scottlee@example.org,82.41
110,"James, Lopez and Schneider",Workshop,34390 Jeffrey Gateway,"Marrakech, Morocco",248-892-6450x6728,patricknewman@example.org,99.4
111,Davenport LLC,Workshop,83323 Jason Rapid,"Oujda, Morocco",(988)958-6670x145,karen40@example.org,148.51
112,"Cardenas, Keller and Stephens",Event,60576 Bright Mountains Suite 115,"Agadir, Morocco",+1-620-509-3004x499,kimberlychristensen@example.net,59.06
113,Hines Group,Workshop,7892 Dominguez Estates Apt. 104,"Oujda, Morocco",899-757-8561x734,longabigail@example.net,155.33
114,Green-Clark,Cultural Experience,3350 David Shore,"Agadir, Morocco",001-894-537-8285x0452,hardydouglas@example.org,77.05
115,"Webb, Cunningham and Leonard",Cultural Experience,487 Rodriguez Plains,"Casablanca, Morocco",001-493-576-9846x9986,larry52@example.org,137.53
116,Moore-Weiss,Event,2182 Hernandez Loop,"Agadir, Morocco",926-914-9629,thompsonalejandro@example.net,190.88
117,Castro-Hernandez,Event,9202 Sarah Gateway,"Fes, Morocco",710.991.3356,vhill@example.com,17.19
118,"Rodriguez, Castro and Morton",Cultural Experience,2259 Jonathan Track,"Tangier, Morocco",5788124851,hollandsara@example.com,168.68
119,Wilson LLC,Event,24929 Dennis Roads Apt. 079,"Casablanca, Morocco",(264)336-3927x98008,terrireid@example.com,177.87
120,Flynn Ltd,Event,833 Julie Hollow Suite 165,"Agadir, Morocco",5462307201,clinenatalie@example.com,50.94
121,Zamora Inc,Event,7394 Pierce Views Suite 192,"Agadir, Morocco",541-797-2529x225,ericvalenzuela@example.org,196.88
122,Johnson Ltd,Outdoor Adventure,1031 Stuart Harbors Suite 650,"Tangier, Morocco",584.634.6424x524,rsantos@example.com,86.68
123,Collier Inc,Cultural Experience,72066 Jon Port,"Fes, Morocco",740.952.9537x540,turnerjean@example.org,116.47
124,Davis PLC,Tour,16788 Allison Motorway Apt. 263,"Tangier, Morocco",581-326-9410,kmalone@example.org,101.89
125,Williams-Salinas,Outdoor Adventure,4548 Brock Branch Apt. 684,"Marrakech, Morocco",001-691-958-7541x89787,kevinclark@example.com,136.79
126,Gilbert-White,Event,30925 Matthew Vista Apt. 985,"Rabat, Morocco",+1-909-786-4854x20862,sharon98@example.net,132.21
127,Small LLC,Workshop,42183 Bell Avenue Suite 637,"Fes, Morocco",544-487-4334x28873,blakefloyd@example.org,169.9
128,Parker-Clark,Workshop,8843 Lori Crest Apt. 335,"Rabat, Morocco",+1-544-906-7747x89773,sandra90@example.com,114.26
129,Morrow LLC,Outdoor Adventure,075 Scott Trafficway Suite 922,"Casablanca, Morocco",001-522-957-2645x1060,lewismichael@example.com,18.26
130,"Fry, Black and Edwards",Tour,264 Stein Drive,"Rabat, Morocco",+1-427-494-7205x30665,pcooper@example.org,43.55
131,Potter-Wright,Event,3428 Steven Grove,"Tangier, Morocco",653-347-6094x2287,gavinwalker@example.org,159.45
132,"Price, Lutz and Lynch",Event,265 Michael Park Suite 943,"Fes, Morocco",+1-442-642-2463x98630,carteranna@example.org,185.96
133,"Ayala, Mendez and Little",Tour,7338 Contreras Hollow Suite 832,"Casablanca, Morocco",001-496-385-2896x21708,cesarharris@example.com,94.64
134,Foster-Martin,Tour,768 Lori Bypass,"Tangier, Morocco",9297795169,lindseytorres@example.com,53.4
135,"Navarro, Martin and Morse",Tour,733 Simon Parks Apt. 712,"Oujda, Morocco",(243)733-9814x44430,uzavala@example.net,175.98
136,"Meyers, Martin and Gallagher",Outdoor Adventure,0476 Kayla Freeway,"Rabat, Morocco",652.741.2445x4061,barbarajensen@example.org,60.3
137,Martin-Smith,Workshop,229 Curry Well,"Agadir, Morocco",(703)586-7076x60174,imendoza@example.net,3.75
138,Hampton-Fitzgerald,Workshop,2624 Jesus Knoll Apt. 847,"Marrakech, Morocco",629.219.7327,dylanbutler@example.org,109.06
139,"Davis, Wells and Schneider",Cultural Experience,4575 Clark Plains Suite 395,"Oujda, Morocco",287-806-1766x48867,clarksteve@example.net,51.13
140,"Baker, Lawrence and Carson",Workshop,880 Spencer Shoals,"Tangier, Morocco",(673)439-6149,ecollins@example.net,57.82
141,Warren-Cooper,Outdoor Adventure,273 Michael Stravenue,"Tangier, Morocco",+1-213-304-7099x1086,ryan75@example.net,83.17
142,Moss Inc,Outdoor Adventure,09298 Juan Course Apt. 355,"Fes, Morocco",(610)900-8327x169,briantapia@example.com,98.7
143,Miller and Sons,Tour,35467 Garcia Lodge,"Agadir, Morocco",620-339-6626,yconway@example.org,185.52
144,Blanchard LLC,Event,93998 Amanda Corner Suite 248,"Agadir, Morocco",(597)311-0652x102,kmanning@example.com,133.4
145,"Robinson, James and Thompson",Tour,432 Gilbert Well Apt. 186,"Agadir, Morocco",522-574-0656,richardstevens@example.org,14.8
146,"Carson, Boyle and Jones",Outdoor Adventure,38661 Ronald Roads,"Oujda, Morocco",(613)244-5749x9524,heather34@example.org,110.56
147,Lambert PLC,Outdoor Adventure,2215 Pamela Gardens,"Agadir, Morocco",001-351-211-0522x59029,jonathan52@example.net,24.48
148,"Brown, Smith and Huang",Workshop,7210 Richardson Stravenue Apt. 975,"Tangier, Morocco",262-972-1915x83124,morganvicki@example.com,186.36
149,"Parks, Davis and Bell",Outdoor Adventure,14194 Rollins Plaza,"Oujda, Morocco",001-359-910-3756x952,npeck@example.org,68.55
150,"Meyer, Klein and Villegas",Cultural Experience,07992 Joseph Haven,"Fes, Morocco",995-578-4623,cynthianelson@example.net,110.46
151,Cummings and Sons,Event,4255 Garcia Creek Suite 705,"Casablanca, Morocco",938-316-0952x85643,blakesarah@example.net,16.41
152,"Hall, Cochran and Williams",Event,09725 James Cove,"Casablanca, Morocco",709.593.2615x663,jacksonandrea@example.net,39.47
153,Hines PLC,Outdoor Adventure,046 Jason Pass Suite 672,"Marrakech, Morocco",808.377.3559,jonathan15@example.org,145.55
154,Hopkins-Murphy,Tour,52216 Reynolds Ford Apt. 277,"Tangier, Morocco",585.989.7959x560,debracarrillo@example.com,175.62
155,Williams PLC,Cultural Experience,84735 Alicia Stream Suite 373,"Oujda, Morocco",844.249.2885,webershane@example.com,162.19
156,Welch Inc,Tour,71251 Raymond Forge,"Fes, Morocco",+1-227-796-2968x6697,knightfernando@example.net,194.45
157,Love-Hunter,Workshop,8670 Suzanne Hill,"Marrakech, Morocco",8128136694,charlesalexander@example.net,102.06
158,Rodriguez and Sons,Workshop,70357 Robinson Isle Apt. 427,"Oujda, Morocco",001-294-689-8805,tylercruz@example.net,16.3
159,Torres-Miller,Outdoor Adventure,403 Danielle Point,"Casablanca, Morocco",001-247-867-0677x574,kelly15@example.com,90.39
160,"Collins, Harris and Lee",Workshop,16244 Richards Way Apt. 197,"Fes, Morocco",001-604-728-1998x3494,meghancook@example.net,0.77
161,Olson-Johnson,Cultural Experience,081 Scott Hills,"Tangier, Morocco",+1-932-213-6419x20920,fcontreras@example.com,151.35
162,Holt PLC,Event,75327 Bright Summit,"Rabat, Morocco",001-254-777-3279x35897,jennifer44@example.net,28.47
163,"Simpson, Benitez and Cox",Tour,0683 Diana Garden Suite 280,"Casablanca, Morocco",908.271.3969x5184,tasha15@example.net,161.93
165,"Vang, Barajas and Carpenter",Workshop,697 Kristina Estate Apt. 232,"Tangier, Morocco",929.517.3236x8716,katherinewalsh@example.net,8.98
166,"Wood, Yang and Gill",Cultural Experience,12505 Gabriella Place Apt. 742,"Casablanca, Morocco",359.537.4187x50946,christineday@example.net,62.56
167,"Garcia, Martinez and Sanchez",Event,967 John Meadow,"Agadir, Morocco",001-565-675-5060x29398,idelgado@example.net,128.23
168,Hanna-Santana,Tour,29820 Rich Mission,"Agadir, Morocco",5414592122,lewisashley@example.org,98.48
169,Morton-Smith,Outdoor Adventure,1915 Rebecca Branch,"Marrakech, Morocco",+1-804-358-3034x68189,timothy49@example.net,26.77
170,Nguyen and Sons,Tour,45605 Christopher Ramp,"Tangier, Morocco",873.823.8649,floresthomas@example.org,197.21
171,Hopkins-Martin,Workshop,408 Ronald Summit Suite 319,"Marrakech, Morocco",761.364.3690,elainejohnson@example.net,46.81
172,Madden PLC,Event,7366 Sergio Harbors,"Oujda, Morocco",5169523357,hilljulia@example.com,72.72
173,Moore Inc,Workshop,78806 Jason Corner Apt. 593,"Tangier, Morocco",206.679.0348,christopher32@example.net,106.88
174,"Collins, White and Keller",Workshop,26958 Baker Glens Suite 502,"Rabat, Morocco",+1-408-416-5786,tonisilva@example.net,103.53
175,Woodward-Cross,Workshop,01937 Perez Corners Apt. 856,"Casablanca, Morocco",731-571-6665x72926,yarnold@example.net,104.62
176,"Hill, Madden and Turner",Workshop,4566 Woodward Park Apt. 752,"Marrakech, Morocco",001-338-831-2698x320,michaelgonzalez@example.com,188.88
177,Villanueva Group,Outdoor Adventure,50023 Edward Keys,"Rabat, Morocco",001-391-539-5732x97832,anthony49@example.com,169.17
178,Hale Inc,Event,183 Massey Island,"Marrakech, Morocco",001-376-928-4556x4123,lindabanks@example.net,153.62
179,"Peterson, Jones and Ortega",Workshop,5015 Harrell Coves,"Marrakech, Morocco",2602141192,angela84@example.net,34.93
180,Roach-Stewart,Tour,029 Teresa Views Apt. 569,"Casablanca, Morocco",677-741-6472x033,carol93@example.net,64.11
181,Dixon Inc,Outdoor Adventure,81012 Robert River Suite 578,"Agadir, Morocco",3942466620,qrobles@example.net,79.0
182,Hall Inc,Workshop,90457 Jacob Spur Suite 074,"Rabat, Morocco",7618777040,allenjohn@example.net,123.84
183,Cox-Sweeney,Outdoor Adventure,23992 Austin Isle,"Tangier, Morocco",3309113103,april80@example.net,43.49
184,Morton Ltd,Cultural Experience,78983 Williams Forks Apt. 184,"Marrakech, Morocco",+1-632-802-0000x9198,francescopeland@example.net,94.03
185,"Payne, Campbell and Moore",Tour,30691 Anthony Oval,"Tangier, Morocco",840-511-0906x6790,zhall@example.net,197.95
186,"Mcknight, Jones and Thompson",Cultural Experience,101 Samuel Inlet,"Rabat, Morocco",527-500-7005x89011,torrescrystal@example.org,192.33
187,Contreras-Proctor,Event,75356 Ramos Junction,"Oujda, Morocco",6049950885,peterpayne@example.org,101.42
188,Kline Ltd,Cultural Experience,266 Smith Fork,"Agadir, Morocco",001-981-962-8483,zhooper@example.org,111.68
189,"Mitchell, Fernandez and Mccormick",Outdoor Adventure,560 Murphy Via Suite 610,"Casablanca, Morocco",+1-354-846-5207x0628,natalie76@example.net,161.06
190,"Phillips, Patterson and Myers",Outdoor Adventure,626 Kimberly Mountain,"Agadir, Morocco",457.241.8086x45263,brodriguez@example.com,127.82
191,Jones-Butler,Event,380 Bobby Flats Apt. 449,"Marrakech, Morocco",794.527.8953x489,cameronjenkins@example.com,101.34
192,Hudson Group,Workshop,212 Ashley Junction,"Casablanca, Morocco",554-872-8876,ncarroll@example.com,158.2
193,Key Group,Outdoor Adventure,381 Geoffrey Manor Apt. 258,"Rabat, Morocco",+1-967-206-4340x2317,sergiodavis@example.org,147.39
194,Lara Inc,Tour,0764 William Trail Apt. 873,"Agadir, Morocco",356.467.7939,qdavis@example.com,62.63
195,"West, Thompson and Morales",Event,92913 Beverly Pike,"Marrakech, Morocco",001-963-300-1898,alexandra14@example.org,196.94
196,Pineda-Garcia,Cultural Experience,452 Robertson Forest Suite 316,"Agadir, Morocco",(663)603-2132x5614,edwardschristina@example.net,65.19
197,"James, Brown and Martin",Event,086 Allen Viaduct Suite 100,"Oujda, Morocco",747.479.1265x1683,heather91@example.org,169.11
198,"Johnson, Gibson and Smith",Cultural Experience,9846 Seth Crossing Suite 379,"Tangier, Morocco",001-768-384-1639x700,brandy75@example.org,78.77
199,"Chavez, Herrera and Moore",Outdoor Adventure,780 Kathleen Wall Suite 424,"Oujda, Morocco",001-337-384-6410x06220,john46@example.com,50.63
200,"Oconnell, Byrd and Shelton",Tour,570 Scott Throughway,"Tangier, Morocco",001-390-329-1549x0286,chungjeff@example.org,26.94
